{
  "0": [
    32.11,
    33.78,
    35.23,
    35.42,
    35.80010175199999
  ],
  "1": [
    36.900653637000005,
    31.45,
    34.89,
    35.67,
    37.34
  ],
  "2": [
    35.933935340999994,
    21.900719070000036,
    27.89,
    32.34,
    36.12
  ]
}